Clip,Escena,Duracion_s,Plano,Recurso,Emocion,Prompt_Imagen,Prompt_Video
1,1,8,vista aérea,reconstrucción,asombro,"Gran Muralla serpenteando sobre montañas brumosas al amanecer, perdiéndose en el horizonte infinito, luz dorada rasante, ultrarrealista, 8K.","Travelling aéreo lento avanzando sobre la muralla entre cumbres con niebla, luz dorada en movimiento, escala monumental, cinematográfico."
2,1,8,detalle / contrapicado,reconstrucción,misterio,"Base de la muralla con piedras antiguas musgosas, ligera bruma a ras de suelo, atmósfera solemne y sombría, ultrarrealista.","Cámara baja deslizándose junto al muro, partículas de polvo flotando, luz tenue filtrándose, tono inquietante, realista."
3,1,8,plano general,reconstrucción,tensión,"Ejército antiguo diminuto al pie de una muralla colosal e inexpugnable, estandartes, cielo plomizo, ultrarrealista, épico.","Plano general estático con leve push-in hacia la muralla mientras sombras de tropas se mueven abajo, tensión creciente, cinematográfico."
4,1,8,contrapicado,reconstrucción,revelación,"Enorme puerta de madera y hierro de una fortaleza de la muralla, una rendija de luz entre las hojas, antorchas, contrapicado imponente, ultrarrealista.","La puerta monumental comienza a abrirse lentamente, luz derramándose por la rendija, polvo en suspensión, suspenso, cinematográfico."
5,2,8,vista aérea,reconstrucción,grandeza,"Vista aérea épica de la muralla recorriendo varias cadenas montañosas al atardecer, torres a lo largo, ultrarrealista, 8K.","Vuelo de dron siguiendo la muralla hacia el horizonte, nubes desplazándose, luz cálida, majestuoso y cinematográfico."
6,2,8,primer plano,detalle arqueológico,intriga,"Manos imperiales con anillos sobre un mapa antiguo de China, luz de vela, texturas de pergamino, ultrarrealista, íntimo.","Primer plano de un dedo recorriendo la frontera norte en el mapa, llama de vela parpadeando, atmósfera de intriga, cinematográfico."
7,2,8,plano general,reconstrucción,contraste,"Multitud incontable de obreros anónimos cargando piedras en una ladera infinita, cielo gris, ultrarrealista, dramático.","Travelling lateral revelando filas interminables de trabajadores, polvo y viento, tono solemne, cinematográfico."
8,2,8,contrapicado,reconstrucción,misterio,"Silueta de la puerta de Shanhaiguan recortada contra un cielo tormentoso junto al mar, atmósfera de presagio, ultrarrealista.","Push-in lento hacia la puerta cerrada bajo nubes en movimiento, relámpago lejano, tensión, cinematográfico."
9,3,8,vista cenital,mapa / animación,contexto,"Mapa antiguo estilizado de China hace 2.500 años, tonos sepia y dorado, montañas y ríos dibujados a mano, cinematográfico.","Vista cenital descendiendo sobre el mapa antiguo mientras se iluminan los nombres de los reinos, elegante y fluido."
10,3,8,plano general,mapa / animación,tensión,"Mapa con siete reinos delimitados por fronteras rojas pulsantes, estandartes de guerra, estética de pergamino, cinematográfico.","Las fronteras laten en rojo y ejércitos-sombra avanzan entre reinos, atmósfera tensa, movimiento de cámara sutil."
11,3,8,plano general,reconstrucción,caos,"Dos ejércitos de la antigua China chocando en una llanura, lanzas y estandartes, polvo, cielo plomizo, ultrarrealista, dramático.","Travelling lateral a través del choque de ejércitos, polvo y movimiento, dinámico y cinematográfico."
12,3,8,texto en pantalla,animación,intriga,"Caracteres chinos antiguos y el texto ""Período de los Reinos Combatientes"" en tipografía elegante sobre fondo de pergamino oscuro, cinematográfico.","El texto aparece con un sutil destello dorado mientras el fondo de pergamino se desplaza lentamente, elegante."
13,4,8,plano general,mapa / animación,contexto,"Mapa de los siete reinos con emblemas distintos, líneas de alianza que se forman y se rompen, sepia y dorado, cinematográfico.","Líneas de alianza aparecen y se quiebran sobre el mapa, fronteras temblando, movimiento sutil de cámara, elegante."
14,4,8,primer plano,reconstrucción,traición,"Dos señores de la guerra chinos estrechando manos con miradas desconfiadas, una daga oculta tras la espalda, luz de antorcha, ultrarrealista.","Lento push-in al rostro receloso de uno de los señores mientras su mano busca la daga, tensión, cinematográfico."
15,4,8,plano general,reconstrucción,amenaza,"Horizonte de estepa helada y gris al norte, una línea de jinetes apenas visible en la lejanía, viento y nieve, ultrarrealista, sombrío.","Plano general estático; la línea de jinetes crece lentamente en el horizonte entre la nieve, presagio, cinematográfico."
16,4,8,detalle,reconstrucción,frío / dureza,"Detalle de cascos de caballo y nieve removida, vapor del aliento de los animales, luz fría del amanecer, ultrarrealista.","Cámara baja siguiendo cascos que pisan nieve, vaho helado, ritmo creciente, realista y cinematográfico."
17,5,8,travelling lateral,reconstrucción,amenaza,"Jinetes nómadas al galope levantando polvo en la estepa, arcos tensados, horizonte interminable, luz fría, ultrarrealista, dinámico.","Travelling lateral siguiendo a los jinetes a toda velocidad, polvo levantándose, energía y peligro, cinematográfico."
18,5,8,primer plano,reconstrucción,tensión,"Arquero nómada a caballo girando el torso para disparar hacia atrás, flecha lista, rostro decidido, ultrarrealista.","Cámara lenta del arquero soltando la flecha al galope, polvo y crin al viento, impactante, cinematográfico."
19,5,8,plano general,reconstrucción,caída,"Aldea agrícola china en llamas al anochecer, humo negro, animales dispersos, atmósfera de saqueo, ultrarrealista, dramático.","Plano general de la aldea ardiendo mientras siluetas de jinetes se alejan al horizonte, humo ondeando, sombrío y cinematográfico."
20,5,8,contrapicado,reconstrucción,determinación,"Primeros muros de tierra elevándose contra el cielo del atardecer, obreros en la base, ultrarrealista, esperanzador y solemne.","Contrapicado con leve grúa ascendente revelando la altura del muro de tierra, luz dorada, cinematográfico."
21,6,8,plano general,reconstrucción,amenaza,"Enorme campamento nómada Xiongnu de tiendas de fieltro en la estepa, miles de caballos, hogueras, atardecer, ultrarrealista, épico.","Vuelo de dron sobre el vasto campamento Xiongnu, humo de hogueras y caballos moviéndose, escala imponente, cinematográfico."
22,6,8,contrapicado,reconstrucción,poder,"Caudillo Xiongnu a caballo con tocado de pieles, mirada fiera, guerreros detrás, luz dramática, ultrarrealista.","Contrapicado del caudillo alzando su arco mientras su ejército se extiende detrás, banderas y polvo, imponente, cinematográfico."
23,6,8,vista aérea,mapa / animación,contención,"Mapa mostrando la franja fronteriza norte y una línea de muro formándose como barrera frente a la inmensidad de la estepa, cinematográfico.","Una línea de muro se dibuja sobre el mapa conteniendo flechas-amenaza que vienen del norte, elegante y claro."
24,7,8,detalle,detalle arqueológico,comprensión,"Encofrado de madera con tierra húmeda dentro, en pleno proceso de apisonado, manos de obreros, polvo, realismo histórico.","Primer plano de pisones golpeando la tierra entre las tablas, polvo saltando con cada golpe, ritmo de trabajo, realista."
25,7,8,primer plano,detalle arqueológico,textura,"Corte de un muro de tierra apisonada mostrando las capas horizontales compactadas, textura terrosa, luz lateral, ultrarrealista.","Cámara desliza a lo largo de las capas del muro revelando su estratificación, luz rasante, detalle, cinematográfico."
26,7,8,plano general,reconstrucción,escala,"Tramo largo de muro de tierra recién terminado serpenteando por colinas áridas, obreros como hormigas, ultrarrealista.","Travelling aéreo siguiendo el muro de tierra sobre las colinas, trabajadores diminutos abajo, cinematográfico."
27,7,8,plano de acción,reconstrucción,función,"Jinete nómada frenando en seco ante un muro de tierra que le bloquea el paso, caballo encabritado, polvo, ultrarrealista, dinámico.","El caballo se detiene y se encabrita frente al muro, polvo levantándose, frustración del jinete, cinematográfico."
28,8,8,vista aérea,mapa / animación,contexto,"Mapa con varios tramos de muro dispersos e inconexos en la frontera norte, líneas discontinuas, sepia, cinematográfico.","Vista cenital mostrando los muros dispersos parpadeando uno a uno sobre el mapa, sensación de desorden, elegante."
29,8,8,plano general,reconstrucción,contraste,"Dos tramos de muro de distintos reinos terminando abruptamente con un hueco vacío entre ellos, paisaje árido, ultrarrealista.","Travelling que recorre un muro hasta su final abrupto y muestra el peligroso hueco, tensión, cinematográfico."
30,8,8,contrapicado,reconstrucción,presagio,"Silueta poderosa de un hombre de espaldas mirando los muros desde una colina, capa al viento, amanecer rojizo, ultrarrealista.","Contrapicado de la silueta inmóvil mientras el viento agita su capa y el sol nace detrás, presagio de poder, cinematográfico."
31,9,8,plano general,reconstrucción,conquista,"Ejército Qin con estandartes negros avanzando victorioso sobre un campo de batalla humeante, ultrarrealista, épico.","Travelling frontal del ejército Qin marchando hacia cámara entre humo y banderas negras, imponente, cinematográfico."
32,9,8,vista cenital,mapa / animación,unificación,"Mapa de China donde los siete reinos se tiñen uno a uno de un mismo color negro-dorado al ser conquistados, cinematográfico.","Los reinos se funden en un solo imperio sobre el mapa, una onda de color unificándolo todo, satisfactorio y elegante."
33,9,8,contrapicado,reconstrucción,poder,"Qin Shi Huang en su trono, túnica negra y dorada, mirada severa, salón imperial sombrío iluminado por antorchas, ultrarrealista.","Contrapicado del emperador levantándose del trono, antorchas parpadeando, estandartes ondeando, poder absoluto, cinematográfico."
34,9,8,primer plano,reconstrucción,obsesión,"Primer plano del rostro del Primer Emperador, ojos calculadores y obsesivos, sombras marcadas, ultrarrealista, intenso.","Lento push-in al rostro del emperador mientras la luz de antorcha danza en sus ojos, atmósfera de obsesión, cinematográfico."
35,10,8,plano general,reconstrucción,visión,"El emperador de pie en una terraza mirando hacia las montañas del norte al amanecer, mapa extendido junto a él, ultrarrealista.","Plano general con leve push-in hacia el emperador contemplando el horizonte norte, viento suave, cinematográfico."
36,10,8,vista aérea,mapa / animación,ambición,"Mapa donde los muros dispersos se conectan con una línea dorada continua a lo largo de toda la frontera norte, cinematográfico.","Una línea dorada une los tramos dispersos formando una sola muralla continua sobre el mapa, épico y satisfactorio."
37,10,8,contrapicado,reconstrucción,autoridad,"General Meng Tian con armadura recibiendo un pergamino imperial de manos del emperador, salón solemne, ultrarrealista.","Meng Tian se arrodilla y recibe el mandato imperial, antorchas y estandartes, gravedad del momento, cinematográfico."
38,10,8,plano general,reconstrucción,partida,"Meng Tian a caballo encabezando una columna militar que parte hacia el norte bajo estandartes Qin, ultrarrealista, épico.","Travelling lateral de la columna de Meng Tian partiendo hacia las montañas, polvo y banderas, cinematográfico."
39,11,8,vista aérea,reconstrucción,escala,"Marea inmensa de trabajadores y soldados extendiéndose por un valle hacia las montañas, banderas Qin, ultrarrealista, épico.","Vuelo de dron revelando la magnitud de la multitud que avanza por el valle, escala abrumadora, cinematográfico."
40,11,8,plano general,reconstrucción,trabajo,"Miles de trabajadores transportando materiales y herramientas hacia la frontera, capataces vigilando, polvo, ultrarrealista.","Travelling lateral siguiendo la caravana de trabajadores y carretas, movimiento constante, cinematográfico."
41,11,8,primer plano,reconstrucción,crueldad,"Manos encadenadas de prisioneros caminando en fila hacia la obra, polvo y cansancio, ultrarrealista, sombrío.","Cámara baja siguiendo pies y cadenas que avanzan penosamente por el camino, tono opresivo, cinematográfico."
42,12,8,primer plano,reconstrucción,humanidad,"Rostros diversos y cansados de campesinos, prisioneros y eruditos mirando a cámara, frío y polvo, ultrarrealista, conmovedor.","Paneo lento entre los rostros fatigados de los trabajadores, miradas perdidas, emotivo, cinematográfico."
43,12,8,plano general,reconstrucción,dureza,"Obreros construyendo en una montaña helada azotada por la ventisca, abrigos raídos, ultrarrealista, dramático.","Plano general con nieve y viento cruzando el encuadre mientras los obreros trabajan, frío extremo, cinematográfico."
44,12,8,plano general,reconstrucción,contraste,"Trabajadores cargando piedras bajo un sol abrasador en un desierto dorado, sudor y polvo, ultrarrealista.","Travelling junto a los obreros en el desierto, calor ondulando el aire, agotamiento, cinematográfico."
45,12,8,contrapicado / detalle,reconstrucción,peligro,"Obrero al borde de un precipicio colocando una piedra, vacío vertiginoso debajo, ultrarrealista, tenso.","Contrapicado vertiginoso mostrando el abismo bajo el obrero, viento, peligro inminente, cinematográfico."
46,13,8,plano general,reconstrucción,tragedia,"Cuerpos exhaustos descansando junto al muro al anochecer, hogueras tenues, atmósfera de desesperanza, ultrarrealista.","Paneo lento sobre los trabajadores agotados al caer la noche, fuego parpadeando, sombrío, cinematográfico."
47,13,8,primer plano,reconstrucción,despedida,"Un trabajador mira un pequeño retrato o amuleto familiar entre sus manos sucias, luz tenue, ultrarrealista, conmovedor.","Push-in al amuleto en sus manos temblorosas, lágrima cayendo, emotivo, cinematográfico."
48,13,8,texto en pantalla,animación,leyenda,"Texto elegante ""La leyenda de Meng Jiang"" sobre fondo de tinta china difuminada, atmósfera melancólica, cinematográfico.","El texto emerge entre brumas de tinta que se dispersan lentamente, melancólico y elegante."
49,14,8,plano medio,reconstrucción,amor,"Joven pareja china antigua en una sencilla boda rural, faroles rojos, sonrisas, luz cálida, ultrarrealista, tierno.","Plano medio de la pareja tomada de las manos bajo faroles rojos, ligero movimiento de cámara, cálido, cinematográfico."
50,14,8,plano general,reconstrucción,ruptura,"Soldados arrastrando al joven esposo lejos de su casa mientras Meng Jiang extiende la mano, polvo y dolor, ultrarrealista.","La cámara sigue al esposo arrancado de su hogar mientras ella corre tras él, desgarrador, cinematográfico."
51,14,8,primer plano,reconstrucción,espera,"Meng Jiang asomada a la puerta de su casa mirando un camino vacío, hojas de otoño cayendo, ultrarrealista, melancólico.","Push-in lento a su rostro de espera mientras las hojas caen y la luz cambia de estación, melancólico, cinematográfico."
52,14,8,plano general,reconstrucción,travesía,"Meng Jiang caminando sola por un paisaje nevado con un fardo de ropa abrigada, inmensidad blanca, ultrarrealista.","Vista amplia de la diminuta figura avanzando por la nieve interminable, viento, soledad, cinematográfico."
53,15,8,plano general,reconstrucción,llegada,"Meng Jiang diminuta al pie de la imponente muralla gris bajo un cielo plomizo, ultrarrealista, sobrecogedor.","La cámara se eleva mostrando la pequeñez de ella frente al muro inmenso, soledad, cinematográfico."
54,15,8,primer plano,reconstrucción,dolor,"Meng Jiang de rodillas llorando con las manos en el suelo frente al muro, viento agitando su ropa, ultrarrealista, desgarrador.","Primer plano de su llanto, lágrimas cayendo, viento creciendo a su alrededor, emotivo, cinematográfico."
55,15,8,plano general,animación / reconstrucción,leyenda,"Un tramo de la muralla agrietándose y desmoronándose frente a la mujer arrodillada, polvo elevándose, ultrarrealista, dramático.","El muro se resquebraja y cae en cámara lenta ante ella, polvo y luz atravesando, impactante, cinematográfico."
56,15,8,detalle,reconstrucción,revelación trágica,"Entre los escombros del muro asoman huesos y restos de trabajadores, luz gris, ultrarrealista, sobrecogedor pero sobrio.","Cámara desciende lentamente sobre los restos descubiertos entre los escombros, solemne, cinematográfico."
57,16,8,plano general,reconstrucción,solemnidad,"La muralla extendiéndose al atardecer en contraluz, sombras largas como figuras humanas, tonos rojizos, ultrarrealista.","Plano general de la muralla en contraluz, sombras alargándose, viento suave, solemne, cinematográfico."
58,16,8,texto en pantalla,animación,impacto,"Texto ""El cementerio más largo de la Tierra"" en tipografía sobria sobre la muralla difuminada al fondo, cinematográfico.","El texto aparece lentamente mientras el fondo de la muralla se oscurece, gravedad, elegante."
59,16,8,vista aérea,reconstrucción,contraste,"Vista aérea de la muralla infinita bajo un cielo crepuscular, belleza y melancolía a la vez, ultrarrealista, 8K.","Vuelo lento sobre la muralla al crepúsculo, escala monumental y silencio, reflexivo, cinematográfico."
60,17,8,primer plano,reconstrucción,ironía,"El emperador anciano observando frascos de elíxires alquímicos a la luz de velas, rostro obsesivo, ultrarrealista.","Push-in al emperador examinando un frasco de elíxir, reflejos de luz, atmósfera enfermiza, cinematográfico."
61,17,8,plano general,reconstrucción,muerte,"Cortejo fúnebre imperial con estandartes negros avanzando solemnemente, ultrarrealista, sombrío.","Travelling lateral del cortejo fúnebre bajo cielo gris, banderas a media asta, solemne, cinematográfico."
62,17,8,plano general,reconstrucción,caos,"Palacio Qin en llamas y revueltas en las calles, caos y humo, ultrarrealista, dramático.","Plano general del palacio ardiendo mientras la multitud se amotina, fuego y humo, caótico, cinematográfico."
63,17,8,vista cenital,mapa / animación,colapso,"Mapa del imperio Qin cuyo color unificado se fragmenta y se agrieta de nuevo, cinematográfico.","El color del imperio se quiebra y se dispersa sobre el mapa, sensación de derrumbe, elegante."
64,18,8,plano general,ruinas,abandono,"Muro de tierra inacabado y erosionado en un paisaje desértico desolado, hierba seca, luz tenue, ultrarrealista, melancólico.","Travelling lento sobre el muro abandonado, polvo arrastrado por el viento, soledad, cinematográfico."
65,18,8,detalle,ruinas,paso del tiempo,"Detalle de grietas y maleza creciendo en el muro de tierra abandonado, ultrarrealista, melancólico.","Macro deslizándose sobre las grietas y la maleza mecida por el viento, paso del tiempo, cinematográfico."
66,19,8,plano general,reconstrucción,renacer,"Estandartes rojos de la dinastía Han ondeando sobre la muralla restaurada, soldados Han, amanecer, ultrarrealista, épico.","Travelling ascendente revelando los estandartes Han sobre el muro al amanecer, renacimiento, cinematográfico."
67,19,8,vista aérea,mapa / animación,expansión,"Mapa donde la línea de la muralla se extiende hacia el oeste hacia los desiertos, ruta marcada en dorado, cinematográfico.","La línea de la muralla avanza hacia el oeste sobre el mapa siguiendo la Ruta de la Seda, dinámico y elegante."
68,19,8,plano general,reconstrucción,comercio,"Caravana de camellos cargados de seda cruzando dunas doradas junto a torres de adobe, cielo despejado, ultrarrealista, épico.","Travelling lateral siguiendo la caravana de camellos por el desierto junto a la muralla, arena moviéndose, cinematográfico."
69,19,8,detalle,detalle arqueológico,riqueza,"Rollos de seda, especias y jade sobre una alforja de camello, texturas ricas, luz dorada, ultrarrealista.","Macro paneo sobre las mercancías preciosas de la caravana, brillo de la seda, opulento, cinematográfico."
70,20,8,plano general,reconstrucción,conexión,"Larga ruta comercial serpenteando entre dunas con caravanas a lo lejos y la muralla acompañándolas, ultrarrealista, épico.","Vuelo de dron siguiendo la ruta y las caravanas a través del desierto, amplitud, cinematográfico."
71,20,8,plano general,reconstrucción,vulnerabilidad,"Torre solitaria de adobe vigilando un desierto inmenso al atardecer, un vigía en lo alto, ultrarrealista, solemne.","Plano general con leve push-in a la torre solitaria mientras el sol baja, sensación de aislamiento, cinematográfico."
72,20,8,contrapicado,reconstrucción,umbral,"La Puerta de Jade, fortaleza de adobe en el desierto, imponente bajo el cielo abierto, ultrarrealista, épico.","Contrapicado de la Puerta de Jade mientras una caravana la cruza, polvo dorado, cinematográfico."
73,20,8,vista aérea,reconstrucción,frontera del mundo,"La Puerta de Jade como último punto antes de un desierto infinito que se pierde en el horizonte, ultrarrealista, 8K.","Vuelo aéreo alejándose de la puerta hacia la inmensidad del desierto, sensación de fin del mundo conocido, cinematográfico."
74,21,8,plano general,reconstrucción,ingenio,"Serie de torres de vigilancia espaciadas a lo largo de la muralla hasta el horizonte, ultrarrealista, épico.","Travelling aéreo siguiendo la línea de torres hacia el horizonte, ritmo y orden, cinematográfico."
75,21,8,plano medio,reconstrucción,acción,"Vigía Han encendiendo una columna de humo en lo alto de una torre durante el día, ultrarrealista.","El vigía aviva el fuego y el humo se eleva en columna, viento moviéndolo, cinematográfico."
76,21,8,plano general nocturno,reconstrucción,asombro,"Hogueras encendiéndose en cadena en torres a lo largo de la muralla en la noche hacia el horizonte, ultrarrealista, cinematográfico.","Una torre enciende fuego y en cadena se iluminan las siguientes hasta el horizonte, chispas y humo, épico, cinematográfico."
77,21,8,detalle,reconstrucción,fuego,"Primer plano de una hoguera de señales ardiendo intensamente en lo alto de una torre, chispas elevándose, ultrarrealista.","Macro del fuego crepitando y las chispas subiendo a la noche, hipnótico, cinematográfico."
78,22,8,vista aérea,animación / mapa,sistema,"Esquema visual de torres conectadas por líneas de señal a lo largo de la muralla, estilo mapa cinematográfico.","Pulsos de luz saltando de torre en torre sobre el mapa de la muralla, claro y elegante."
79,22,8,plano general nocturno,reconstrucción,propagación,"Cadena de torres encendiéndose una tras otra en la distancia bajo cielo estrellado, ultrarrealista, épico.","Vista aérea nocturna siguiendo la alarma que se propaga de torre en torre a gran velocidad, impactante, cinematográfico."
80,22,8,plano de acción,reconstrucción,velocidad,"Jinete mensajero galopando junto a la muralla mientras las señales ya lo adelantan a lo lejos, ultrarrealista, dinámico.","Travelling junto al jinete mientras las hogueras se encienden más rápido que él al fondo, contraste de velocidad, cinematográfico."
81,22,8,texto en pantalla,animación,concepto,"Texto ""El internet de la antigüedad"" sobre una torre de señales iluminada al fondo, cinematográfico.","El texto aparece con un destello cálido mientras el fuego brilla detrás, elegante."
82,23,8,plano general,animación / reconstrucción,ciclos,"Transición visual de un muro próspero y vigilado a un muro abandonado y erosionado, mitad y mitad, ultrarrealista.","Morphing del muro pasando de esplendor a ruina y de nuevo a reconstrucción, ciclos del tiempo, cinematográfico."
83,23,8,time-lapse,animación,paso del tiempo,"Un mismo tramo de muralla bajo distintas estaciones y eras, vegetación y nieve alternándose, ultrarrealista.","Time-lapse del muro atravesando estaciones y siglos, luz girando, cinematográfico."
84,23,8,vista aérea,reconstrucción,anticipación,"Muralla de piedra majestuosa de las postales serpenteando sobre montañas verdes, torres imponentes, ultrarrealista, 8K.","Vuelo de dron espectacular sobre la muralla de piedra clásica, escala monumental, cinematográfico."
85,23,8,primer plano,reconstrucción,miedo,"Rostro tenso de un emperador Ming mirando un mapa de la frontera norte, sombras dramáticas, ultrarrealista.","Push-in lento al rostro preocupado del emperador, luz de vela temblando, presagio, cinematográfico."
86,24,8,plano general,reconstrucción,esfuerzo,"Trabajadores de distintas eras construyendo tramos de muro con estandartes de diferentes dinastías, ultrarrealista.","Travelling a través de obras de distintas dinastías, banderas variando, continuidad histórica, cinematográfico."
87,24,8,vista cenital,mapa / animación,fragmentación,"Mapa con tramos de muro de distintas dinastías apareciendo y desvaneciéndose con sus colores, cinematográfico.","Sobre el mapa, tramos surgen y se apagan según las dinastías, sensación de intermitencia, elegante."
88,24,8,plano general,reconstrucción,presagio,"Horizonte norte oscureciéndose con una inmensa tormenta de polvo aproximándose a la muralla, ultrarrealista, ominoso.","La tormenta de polvo avanza hacia el muro mientras los vigías miran alarmados, amenaza creciente, cinematográfico."
89,25,8,plano general,reconstrucción,invasión,"Horda mongola incontable galopando por la estepa levantando una pared de polvo, estandartes de crin, ultrarrealista, épico.","Travelling frontal de la caballería mongola cargando hacia cámara, polvo y trueno de cascos, abrumador, cinematográfico."
90,25,8,contrapicado,reconstrucción,poder,"Gengis Kan a caballo en una colina contemplando la muralla a lo lejos, capa y armadura, mirada de conquistador, ultrarrealista.","Contrapicado de Gengis Kan inmóvil mientras su ejército fluye detrás, viento en su capa, imponente, cinematográfico."
91,25,8,plano de acción,reconstrucción,cruce,"Jinetes mongoles rodeando y superando un tramo de muralla mal defendido, ultrarrealista, dinámico.","La caballería mongola fluye alrededor del muro y lo cruza, movimiento envolvente, cinematográfico."
92,25,8,vista cenital,mapa / animación,conquista,"Mapa de China tiñéndose con el color del imperio mongol Yuan extendiéndose de norte a sur, cinematográfico.","La marea de color mongol inunda el mapa de China, conquista total, elegante."
93,25,8,texto en pantalla,animación,lección,"Texto ""La fuerza de una muralla depende del valor de quienes la defienden"" sobre la muralla en penumbra, cinematográfico.","La frase aparece lentamente sobre el muro oscuro, gravedad y presagio, elegante."
94,26,8,plano general,reconstrucción,liberación,"Ejército Ming victorioso expulsando a los mongoles, estandartes rojos alzados, amanecer, ultrarrealista, épico.","Travelling del ejército Ming avanzando triunfal mientras los mongoles se retiran al norte, cinematográfico."
95,26,8,contrapicado,reconstrucción,nuevo poder,"Primer emperador Ming proclamado en un salón imperial rojo y dorado, ultrarrealista, solemne.","Contrapicado del emperador Ming alzándose ante su corte, estandartes ondeando, cinematográfico."
96,26,8,primer plano,reconstrucción,miedo grabado,"Mirada del emperador Ming fija hacia el norte a través de una ventana, sombra de inquietud, ultrarrealista.","Push-in al rostro del emperador mirando al norte, nubes moviéndose afuera, presagio, cinematográfico."
97,27,8,plano general,reconstrucción,esplendor,"Ciudad imperial Ming próspera con tejados dorados y mercados llenos, ultrarrealista, vibrante.","Vuelo de dron sobre la próspera capital Ming, vida y color, cinematográfico."
98,27,8,plano general,reconstrucción,catástrofe,"Campo de batalla con el ejército Ming siendo aniquilado por la caballería mongola, caos y humo, ultrarrealista, dramático.","Travelling caótico a través de la batalla perdida, polvo y desorden, cinematográfico."
99,27,8,primer plano,reconstrucción,humillación,"El emperador Ming capturado, rodeado de guerreros mongoles, rostro de derrota, ultrarrealista, sobrecogedor.","Push-in al emperador prisionero entre sus captores, silencio tenso, cinematográfico."
100,27,8,texto en pantalla,animación,quiebre,"Texto ""1449 · La humillación"" sobre un campo de batalla en penumbra, cinematográfico.","El texto emerge sobre el campo gris, gravedad histórica, elegante."
101,28,8,primer plano,reconstrucción,determinación,"Manos de consejeros Ming desplegando planos de una nueva muralla de piedra sobre una mesa, velas, ultrarrealista.","Push-in a los planos de la muralla mientras un dedo traza la línea fortificada, decisión, cinematográfico."
102,28,8,plano general,reconstrucción,inicio de obra,"Canteras con obreros extrayendo enormes bloques de piedra, polvo y herramientas, ultrarrealista, épico.","Travelling por la cantera mientras se cortan y mueven bloques colosales, esfuerzo, cinematográfico."
103,28,8,detalle,detalle arqueológico,materiales,"Bloques de piedra tallada y pilas de ladrillos cocidos junto a hornos humeantes, ultrarrealista.","Macro paneo sobre piedras y ladrillos recién cocidos, calor de los hornos, cinematográfico."
104,28,8,contrapicado,reconstrucción,ambición,"Primer tramo de la nueva muralla Ming de piedra elevándose imponente contra el cielo, andamios, ultrarrealista.","Contrapicado con grúa ascendente revelando la altura de la nueva muralla en construcción, cinematográfico."
105,29,8,plano general,reconstrucción,ingeniería,"Obra masiva de la muralla Ming con cientos de obreros, andamios y poleas en plena construcción, ultrarrealista, épico.","Vuelo de dron sobre la gran obra en marcha, actividad por todas partes, cinematográfico."
106,29,8,detalle,detalle arqueológico,cimientos,"Enormes bloques de piedra tallada encajando como cimientos de la muralla, ultrarrealista.","Cámara baja mostrando la colocación de un bloque colosal en la base, peso y precisión, cinematográfico."
107,29,8,plano medio,reconstrucción,ladrillos,"Obreros pasando millones de ladrillos en cadena humana hacia lo alto del muro, ultrarrealista.","Travelling siguiendo la cadena humana que pasa ladrillos hacia arriba, ritmo de trabajo, cinematográfico."
108,29,8,detalle,detalle arqueológico,intriga,"Primer plano de un cubo de argamasa blanca espesa junto a ladrillos grises, herramientas antiguas, ultrarrealista.","Macro de la argamasa siendo revuelta, textura espesa, anticipación del secreto, cinematográfico."
109,30,8,detalle,detalle arqueológico,revelación,"Cuencos de arroz glutinoso cocido junto a la cal y el agua, manos preparando la mezcla, ultrarrealista.","Macro del arroz glutinoso mezclándose con la cal hasta volverse argamasa, textura pegajosa, cinematográfico."
110,30,8,texto en pantalla,animación,asombro,"Texto ""El secreto: arroz glutinoso"" sobre un fondo de ladrillos de la muralla, cinematográfico.","El texto aparece con un sutil destello sobre los ladrillos, sorpresa, elegante."
111,30,8,primer plano,reconstrucción,aplicación,"Manos de un obrero aplicando la argamasa blanca y asentando un ladrillo en la muralla, ultrarrealista.","Primer plano de la llana extendiendo la mezcla y el ladrillo encajando, precisión, cinematográfico."
112,30,8,detalle,detalle arqueológico,durabilidad,"Juntas de argamasa intactas tras siglos, sin maleza, piedra firme, ultrarrealista.","Macro deslizándose sobre las juntas perfectamente conservadas, testimonio del tiempo, cinematográfico."
113,30,8,plano general,reconstrucción,permanencia,"Tramo de muralla Ming intacto y firme en la actualidad sobre las montañas, ultrarrealista, 8K.","Vuelo de dron sobre el tramo Ming perfectamente conservado, solidez milenaria, cinematográfico."
114,31,8,travelling,reconstrucción,escala militar,"Camino ancho en la cima de la muralla con soldados Ming marchando en formación, ultrarrealista, épico.","Travelling sobre la cima siguiendo a los soldados que marchan en formación, almenas a los lados, cinematográfico."
115,31,8,plano medio,reconstrucción,defensa,"Soldados arqueros parapetados tras las almenas apuntando hacia el exterior, ultrarrealista, tenso.","Plano medio de arqueros tensando arcos tras las almenas, viento y tensión, cinematográfico."
116,31,8,detalle,detalle arqueológico,troneras,"Detalle de una tronera estrecha en la muralla con una flecha lista y, al lado, una boca de cañón, ultrarrealista.","Macro de la tronera mientras una flecha sale disparada, precisión, cinematográfico."
117,31,8,contrapicado,reconstrucción,poderío,"Cañón Ming asomando por una tronera disparando con humo y fuego, ultrarrealista, dramático.","Contrapicado del cañón disparando, retroceso y humo, impacto, cinematográfico."
118,32,8,plano general,reconstrucción,vigilancia,"Torres de vigilancia Ming distribuidas a lo largo de la muralla sobre las montañas, ultrarrealista, épico.","Vuelo de dron pasando junto a las torres a lo largo del muro, orden y ritmo, cinematográfico."
119,32,8,interior,reconstrucción,vida militar,"Interior de una torre con soldados descansando, armas apiladas y sacos de grano, luz de antorcha, ultrarrealista.","Travelling por el interior de la torre mostrando la vida de la guarnición, íntimo, cinematográfico."
120,32,8,plano medio nocturno,reconstrucción,vigilia,"Vigía en lo alto de una torre escudriñando la oscuridad del norte con una antorcha, ultrarrealista, tenso.","Plano medio del vigía atento en la noche, viento y antorcha, alerta constante, cinematográfico."
121,32,8,vista aérea nocturna,reconstrucción,frontera viva,"La muralla de noche con torres iluminadas por hogueras a lo largo de toda su extensión, ultrarrealista, cinematográfico.","Vuelo nocturno sobre la muralla con las torres encendidas hasta el horizonte, frontera viva, cinematográfico."
122,33,8,time-lapse,animación / reconstrucción,escala temporal,"La muralla Ming creciendo tramo a tramo a lo largo de generaciones, estaciones cambiando, ultrarrealista.","Time-lapse de la muralla extendiéndose por las montañas a lo largo de dos siglos, crecimiento imparable, cinematográfico."
123,33,8,vista aérea,mapa / animación,longitud,"Mapa donde la sección Ming se ilumina extendiéndose más de ocho mil kilómetros por el norte de China, cinematográfico.","La línea Ming se dibuja recorriendo el mapa mostrando su enorme longitud, escala, elegante."
124,33,8,texto en pantalla,animación,dato,"Texto ""Más de 8.000 km · 2 siglos de obra"" sobre la muralla al fondo, cinematográfico.","El texto aparece con destello sobre la muralla, dato impactante, elegante."
125,34,8,vista aérea,reconstrucción,asombro absoluto,"Gran Muralla Ming ondulando sobre crestas montañosas afiladas hasta el horizonte, torres a lo largo, cielo dramático, ultrarrealista, 8K.","Vuelo de dron espectacular siguiendo la muralla sobre crestas afiladas, nubes moviéndose, escala monumental, cinematográfico."
126,34,8,plano general,reconstrucción,desafío,"Tramo de muralla descolgándose por un barranco vertiginoso, pendiente extrema, ultrarrealista, imponente.","La cámara desciende junto al muro por la pendiente abrupta, vértigo y grandeza, cinematográfico."
127,34,8,plano general,reconstrucción,bestia dormida,"La muralla aferrada al lomo de las montañas como una serpiente de piedra, niebla entre los valles, ultrarrealista.","Travelling aéreo lateral mostrando la muralla abrazando las cumbres, niebla moviéndose, cinematográfico."
128,34,8,travelling,reconstrucción,erizada de soldados,"Cima de la muralla Ming repleta de soldados con lanzas y estandartes hasta perderse de vista, ultrarrealista, épico.","Travelling sobre la cima erizada de soldados y banderas hacia el horizonte, poderío militar, cinematográfico."
129,35,8,plano cenital orbital,animación,contexto,"Vista de la Tierra desde la órbita, curvatura del planeta, nubes, norte de China visible, estilo NASA, realista, cinematográfico.","Lenta rotación de la Tierra vista desde la órbita, nubes desplazándose, sereno, realista."
130,35,8,texto en pantalla,animación,mito,"Texto ""¿Visible desde el espacio?"" sobre la Tierra orbital, tipografía elegante, cinematográfico.","El texto aparece con interrogación mientras la cámara hace zoom hacia China, intriga, elegante."
131,35,8,zoom orbital,animación,revelación,"Zoom desde la órbita hacia el norte de China donde solo se ven montañas y ríos, sin distinguir la muralla, realista.","Zoom continuo buscando la muralla y hallando solo terreno, la línea no aparece, revelador, cinematográfico."
132,35,8,texto en pantalla,animación,desmentido,"Texto ""MITO"" desvaneciéndose sobre la imagen satelital del terreno chino, cinematográfico.","La palabra ""MITO"" se desvanece elegantemente sobre el paisaje, claridad, elegante."
133,35,8,primer plano,detalle arqueológico,verdadera grandeza,"Manos callosas de un obrero antiguo apoyadas sobre la piedra de la muralla, polvo y esfuerzo, ultrarrealista, conmovedor.","Push-in a las manos sobre la piedra, textura humana y esfuerzo, emotivo, cinematográfico."
134,36,8,plano general,reconstrucción,presagio,"La muralla imponente bajo un cielo de tormenta inminente, luz dramática, ultrarrealista, ominoso.","Push-in lento hacia la muralla mientras las nubes de tormenta se acumulan, tensión, cinematográfico."
135,36,8,primer plano,reconstrucción,lealtad frágil,"Rostro de un general mirando hacia la muralla con expresión de duda y conflicto, sombras marcadas, ultrarrealista.","Push-in al rostro conflictuado del general, luz tenue revelando su dilema, cinematográfico."
136,37,8,plano general,reconstrucción,decadencia,"Calles de una ciudad Ming en decadencia, mendigos y hambre, contraste con palacios opulentos al fondo, ultrarrealista, sombrío.","Travelling por las calles empobrecidas mientras al fondo brillan los palacios, contraste social, cinematográfico."
137,37,8,primer plano,reconstrucción,hambre,"Rostros demacrados de campesinos hambrientos mirando con desesperación, ultrarrealista, conmovedor.","Paneo lento sobre los rostros del pueblo desesperado, miradas vacías, emotivo, cinematográfico."
138,37,8,contrapicado,reconstrucción,rebelión,"Líder rebelde alzando una espada ante una multitud de campesinos armados con herramientas, antorchas, ultrarrealista, épico.","Contrapicado del líder rebelde arengando a la multitud que alza armas, fervor y furia, cinematográfico."
139,37,8,plano general,reconstrucción,marcha,"Inmenso ejército rebelde de campesinos marchando hacia la capital bajo estandartes improvisados, polvo, ultrarrealista.","Travelling lateral del ejército rebelde avanzando imparable hacia la capital, masa humana, cinematográfico."
140,38,8,plano general,reconstrucción,caída de la capital,"Beijing tomada por los rebeldes, humo sobre los tejados imperiales, caos en las calles, ultrarrealista, dramático.","Vuelo de dron sobre la capital caída entre humo y caos, magnitud del colapso, cinematográfico."
141,38,8,plano general,reconstrucción,soledad final,"El último emperador Ming subiendo solo una colina arbolada detrás del palacio al amanecer gris, ultrarrealista, melancólico.","La cámara sigue al emperador solitario ascendiendo entre los árboles, abandono total, cinematográfico."
142,38,8,detalle,reconstrucción,final,"Un árbol solitario en la colina, una túnica imperial colgando, sin mostrar violencia, atmósfera de tragedia, ultrarrealista, sobrio.","Plano fijo y respetuoso del árbol y la túnica meciéndose con el viento, tragedia sugerida, cinematográfico."
143,38,8,vista cenital,mapa / animación,colapso interno,"Mapa del imperio Ming cuyo color se apaga desde el centro hacia afuera, mientras la muralla del norte sigue intacta, cinematográfico.","El color Ming se apaga desde adentro mientras la línea de la muralla permanece brillante, ironía visual, elegante."
144,39,8,vista aérea,reconstrucción,fortaleza junto al mar,"Fortaleza de Shanhaiguan donde la muralla desciende hasta el mar, olas rompiendo contra la piedra, ultrarrealista, épico, 8K.","Vuelo de dron mostrando la muralla llegando al mar en Shanhaiguan, olas y escala, cinematográfico."
145,39,8,contrapicado,reconstrucción,puerta inexpugnable,"Las colosales puertas de Shanhaiguan cerradas y reforzadas, torres de vigilancia, cielo tormentoso, ultrarrealista, imponente.","Contrapicado de las puertas monumentales bajo nubes tormentosas, poderío defensivo, cinematográfico."
146,39,8,plano medio,reconstrucción,el guardián,"General Wu Sangui con armadura completa de pie en lo alto de la fortaleza mirando el horizonte, capa al viento, ultrarrealista.","Plano medio de Wu Sangui inmóvil sobre la muralla, capa ondeando, gravedad del mando, cinematográfico."
147,39,8,primer plano,reconstrucción,peso del deber,"Primer plano del rostro firme pero atormentado de Wu Sangui, sombras del atardecer, ultrarrealista, intenso.","Push-in lento al rostro del general, tensión interior contenida, cinematográfico."
148,40,8,plano general,reconstrucción,amenaza del sur,"Hacia el sur, el ejército rebelde aproximándose en la distancia bajo polvo, visto desde la muralla, ultrarrealista, tenso.","Plano general desde la muralla mirando al sur mientras el ejército rebelde se acerca, amenaza creciente, cinematográfico."
149,40,8,plano general,reconstrucción,amenaza del norte,"Hacia el norte, la caballería manchú formada y esperando más allá del muro, estandartes, ultrarrealista, imponente.","Plano general al norte mostrando al ejército manchú aguardando en formación, presión inminente, cinematográfico."
150,40,8,plano cenital,reconstrucción,atrapado,"Vista cenital de Wu Sangui solo en la muralla entre dos ejércitos, uno al norte y otro al sur, ultrarrealista, simbólico.","Cámara cenital elevándose mostrando al general atrapado entre las dos fuerzas, encrucijada, cinematográfico."
151,40,8,detalle,reconstrucción,la llave,"Primer plano de una gran llave de hierro o del cerrojo de la puerta de la muralla en la mano del general, ultrarrealista, simbólico.","Macro del cerrojo y la mano dudando sobre él, decisión suspendida, tensión máxima, cinematográfico."
152,41,8,primer plano,reconstrucción,dilema final,"Rostro de Wu Sangui debatiéndose, mirando alternadamente al norte y al sur, sudor y sombra, ultrarrealista, intenso.","Push-in al rostro del general tomando su decisión, ojos endureciéndose, cinematográfico."
153,41,8,plano medio,reconstrucción,el pacto,"Wu Sangui frente a un comandante manchú sellando un pacto, miradas tensas, antorchas, ultrarrealista.","Plano medio del apretón de manos o gesto de pacto entre ambos, alianza fatídica, cinematográfico."
154,41,8,detalle,reconstrucción,la orden,"La mano del general bajando para liberar el gran cerrojo de la puerta, ultrarrealista, dramático.","Macro del cerrojo cediendo bajo su mano, punto de no retorno, tensión, cinematográfico."
155,41,8,contrapicado,reconstrucción,lo impensable,"Las colosales puertas de Shanhaiguan comenzando a abrirse desde adentro, luz entrando, polvo, ultrarrealista, épico.","Contrapicado de las puertas monumentales abriéndose lentamente, crujido y luz, momento histórico, cinematográfico."
156,41,8,texto en pantalla,animación,quiebre,"Texto ""1644 · La puerta abierta"" sobre las puertas entreabiertas de la muralla, cinematográfico.","El texto aparece sobre las puertas abriéndose, gravedad del momento, elegante."
157,42,8,contrapicado,reconstrucción,irrupción,"Caballería manchú cruzando en masa las puertas abiertas de la muralla, polvo y estandartes, ultrarrealista, épico.","Contrapicado de la caballería manchú irrumpiendo por el paso en oleadas, polvo levantándose, impactante, cinematográfico."
158,42,8,travelling,reconstrucción,avance,"Ejército manchú y tropas de Wu Sangui avanzando juntos por el territorio chino, ultrarrealista, dinámico.","Travelling lateral del ejército combinado avanzando imparable, fuerza arrolladora, cinematográfico."
159,42,8,plano general,reconstrucción,choque,"Choque entre la caballería manchú y el ejército rebelde en una llanura, caos de batalla, ultrarrealista, dramático.","Plano general del choque de ejércitos, polvo y movimiento, batalla decisiva, cinematográfico."
160,42,8,vista aérea,reconstrucción,hacia Beijing,"El ejército victorioso avanzando hacia Beijing en el horizonte, ultrarrealista, épico.","Vuelo de dron siguiendo al ejército que avanza hacia la capital, destino sellado, cinematográfico."
161,43,8,vista aérea,reconstrucción,contraste,"La muralla intacta e imponente mientras un ejército la cruza por una sola puerta abierta, atardecer rojizo, ultrarrealista.","Vista aérea de la muralla intacta con el ejército atravesándola por la puerta, luz del ocaso, solemne, cinematográfico."
162,43,8,detalle,reconstrucción,piedra intacta,"Primer plano de la piedra firme y sin daños de la muralla, sólida tras siglos, ultrarrealista.","Macro deslizándose sobre la piedra intacta, solidez que contrasta con la derrota, cinematográfico."
163,43,8,plano general,reconstrucción,lo que no la venció,"Ariete, escalas y cañones abandonados e inútiles al pie del muro intacto, ultrarrealista, simbólico.","Travelling sobre las armas de asedio abandonadas junto al muro indemne, ironía visual, cinematográfico."
164,43,8,contrapicado,reconstrucción,la puerta,"La puerta abierta de la muralla como único punto de quiebre, luz atravesándola, ultrarrealista, simbólico.","Contrapicado de la puerta abierta con luz derramándose, el único fallo, cinematográfico."
165,43,8,texto en pantalla,animación,tesis,"Texto ""La piedra resistió. La lealtad se quebró."" sobre la muralla en penumbra, cinematográfico.","La frase aparece lentamente sobre el muro, peso de la verdad, elegante."
166,44,8,contrapicado,reconstrucción,nueva dinastía,"Emperador Qing entronizado con vestiduras imperiales amarillas y dragones, salón solemne, ultrarrealista, majestuoso.","Contrapicado del emperador Qing en su trono, estandartes y dragones, nuevo poder, cinematográfico."
167,44,8,vista cenital,mapa / animación,imperio sin fronteras internas,"Mapa donde el imperio Qing abarca ambos lados de la muralla en un solo color, la línea del muro ahora interna, cinematográfico.","El color Qing cubre norte y sur del muro unificándolo todo, la muralla queda en medio, elegante."
168,44,8,plano general,reconstrucción,sin sentido,"La muralla en silencio sin soldados, las puertas abiertas, gente cruzando libremente, ultrarrealista, melancólico.","Travelling por la muralla desguarnecida con civiles cruzando sin vigilancia, propósito perdido, cinematográfico."
169,44,8,primer plano,reconstrucción,quietud,"Una almena vacía donde antes había un vigía, polvo acumulándose, ultrarrealista, melancólico.","Push-in a la almena desierta con polvo asentándose, silencio, cinematográfico."
170,45,8,time-lapse,animación / ruinas,abandono,"Tramo de muralla envejeciendo con maleza creciendo entre los ladrillos a lo largo de las estaciones, ultrarrealista, melancólico.","Time-lapse de la muralla cubriéndose de maleza y desgaste, estaciones pasando, melancólico, cinematográfico."
171,45,8,detalle,ruinas,erosión,"Ladrillos sueltos y juntas erosionadas por la lluvia y el viento, musgo, ultrarrealista.","Macro de la lluvia golpeando los ladrillos erosionados, agua escurriendo, paso del tiempo, cinematográfico."
172,45,8,plano general,ruinas,bestia dormida,"Tramo de muralla derruido y cubierto de vegetación serpenteando por montañas brumosas, ultrarrealista, melancólico.","Travelling aéreo sobre el muro en ruinas devorado por la naturaleza, niebla, cinematográfico."
173,45,8,primer plano,ruinas,olvido,"Una torre derruida con un árbol creciendo en su interior, silencio, ultrarrealista, melancólico.","Push-in a la torre en ruinas con el árbol brotando dentro, naturaleza recuperando la piedra, cinematográfico."
174,46,8,vista aérea,imagen / reconstrucción,renacer,"Gran Muralla restaurada al amanecer serpenteando hasta el horizonte, niebla dorada, ultrarrealista, majestuoso, 8K.","Vuelo de dron amplio sobre la muralla al amanecer, niebla dorada disipándose, escala monumental, cinematográfico."
175,46,8,plano general,imagen,unión,"Visitantes de todo el mundo caminando sobre la muralla restaurada, día despejado, ultrarrealista.","Travelling entre los visitantes sobre la muralla, vida y asombro en sus rostros, cinematográfico."
176,46,8,detalle,detalle arqueológico,conexión,"Una mano contemporánea tocando la piedra antigua de la muralla, ultrarrealista, emotivo.","Push-in a la mano sobre la piedra milenaria, conexión a través del tiempo, cinematográfico."
177,46,8,texto en pantalla,animación,legado,"Texto ""Patrimonio de la Humanidad · 1987 · +20.000 km"" sobre la muralla al amanecer, cinematográfico.","El texto aparece con destello dorado sobre la muralla, orgullo, elegante."
178,46,8,vista aérea,reconstrucción,inmensidad,"La muralla extendiéndose infinita sobre montañas hasta perderse en la curvatura del horizonte, ultrarrealista, 8K.","Vuelo de dron ascendente revelando la inmensidad de la muralla hasta el horizonte, sobrecogedor, cinematográfico."
179,47,8,plano general,ruinas,amenaza silenciosa,"Tramo de muralla desmoronándose y cubierto de vegetación, contraste con tramos restaurados, ultrarrealista, melancólico.","Travelling del tramo en ruinas que se desmorona junto a uno restaurado, contraste, cinematográfico."
180,47,8,detalle,ruinas,desvanecimiento,"Ladrillos cayendo y disgregándose de un borde de la muralla erosionada, polvo, ultrarrealista.","Macro de fragmentos de ladrillo desprendiéndose y cayendo, fragilidad, cinematográfico."
181,47,8,vista aérea,ruinas,en silencio,"Tramo remoto y olvidado de la muralla perdiéndose entre montañas sin visitantes, niebla, ultrarrealista, melancólico.","Vuelo de dron sobre el tramo olvidado entre la niebla, soledad, cinematográfico."
182,48,8,vista aérea,reconstrucción,grandeza,"La muralla majestuosa al atardecer recorriendo montañas infinitas, luz dorada, ultrarrealista, épico, 8K.","Vuelo de dron solemne sobre la muralla al atardecer, grandeza y reflexión, cinematográfico."
183,48,8,plano general,reconstrucción,esfuerzo,"Montaje simbólico de manos de obreros de distintas eras superpuestas sobre la muralla, ultrarrealista, emotivo.","Disolvencias suaves entre manos trabajando la piedra a través de los siglos, esfuerzo humano, cinematográfico."
184,48,8,contrapicado,reconstrucción,la puerta de nuevo,"La puerta de la muralla entreabierta en penumbra, símbolo de la vulnerabilidad interior, ultrarrealista.","Push-in lento a la puerta entreabierta en sombras, advertencia silenciosa, cinematográfico."
185,48,8,texto en pantalla,animación,lección,"Texto ""Ninguna piedra protege de la traición interior"" sobre la muralla en penumbra, cinematográfico.","La frase aparece lentamente sobre el muro, peso reflexivo, elegante."
186,49,8,vista aérea ascendente,reconstrucción,cierre poderoso,"Gran Muralla al atardecer fundiéndose con las montañas en el horizonte, cielo en llamas, ultrarrealista, épico, reflexivo.","Cámara elevándose lentamente sobre la muralla al atardecer hasta fundirla con las montañas, cielo ardiente, cinematográfico."
187,49,8,primer plano,reconstrucción,el corazón,"Silueta solitaria de un general en la muralla al ocaso, símbolo del corazón que se quebró, ultrarrealista.","Push-in a la silueta inmóvil contra el sol poniente, melancolía y verdad, cinematográfico."
188,49,8,texto en pantalla,animación,sello final,"Texto ""La traición que viene desde adentro"" desvaneciéndose sobre la muralla al ocaso, cinematográfico.","La frase final aparece y se desvanece lentamente sobre el atardecer, cierre emocional, elegante."
189,50,8,plano general,reconstrucción,complicidad,"Atardecer cálido sobre la muralla con una vista acogedora del camino que invita a seguir, ultrarrealista.","Travelling suave avanzando por la cima de la muralla hacia la luz, invitación, cinematográfico."
190,50,8,primer plano,reconstrucción,pregunta,"Silueta del general Wu Sangui dividida entre luz y sombra, simbolizando la duda moral, ultrarrealista.","Push-in al rostro entre luz y sombra mientras se plantea la pregunta al espectador, cinematográfico."
191,50,8,texto en pantalla,animación,interacción,"Texto ""¿Traidor o sobreviviente? Cuéntame en los comentarios"" sobre la muralla al ocaso, cinematográfico.","El texto aparece de forma elegante invitando a comentar, dinámico."
192,50,8,vista aérea,reconstrucción,próximo viaje,"La muralla perdiéndose hacia nuevas montañas y horizontes inexplorados, ultrarrealista, evocador, 8K.","Vuelo de dron avanzando hacia el horizonte abierto, promesa de la próxima historia, cinematográfico."
193,50,8,texto en pantalla,animación,marca,"Logo o nombre ""Elara Historiadora"" con el lema ""la verdad… una piedra a la vez"" sobre la muralla al amanecer, cinematográfico.","El nombre del canal aparece con destello dorado y botón de suscripción animado, cierre de marca, elegante."
